"X","CountryCode","GTAPCode","GTAPDescription"
"Albania","ALB","ALB","Albania"
"United Arab Emirates","ARE","ARE","United Arab Emirates"
"Argentina","ARG","ARG","Argentina"
"Armenia","ARM","ARM","Armenia"
"Australia","AUS","AUS","Australia"
"Cocos (Keeling) Islands","CCK","AUS","Australia"
"Christmas Island","CXR","AUS","Australia"
"Heard Island and McDonald Islands","HMD","AUS","Australia"
"Norfolk Island","NFK","AUS","Australia"
"Austria","AUT","AUT","Austria"
"Azerbaijan","AZE","AZE","Azerbaijan"
"Belgium","BEL","BEL","Belgium"
"Benin","BEN","BEN","Rest of Western Africa"
"Burkina Faso","BFA","BFA","Rest of Western Africa"
"Bangladesh","BGD","BGD","Bangladesh"
"Bulgaria","BGR","BGR","Bulgaria"
"Bahrain","BHR","BHR","Bahrain"
"Belarus","BLR","BLR","Belarus"
"Bolivia, Plurinational Republic of","BOL","BOL","Bolivia, Plurinational Republic of"
"Brazil","BRA","BRA","Brazil"
"Botswana","BWA","BWA","Botswana"
"Canada","CAN","CAN","Canada"
"Switzerland","CHE","CHE","Switzerland"
"Chile","CHL","CHL","Chile"
"China","CHN","CHN","China"
"Cote d'Ivoire","CIV","CIV","Cote d'Ivoire"
"Cameroon","CMR","CMR","Cameroon"
"Colombia","COL","COL","Colombia"
"Costa Rica","CRI","CRI","Costa Rica"
"Cyprus","CYP","CYP","Cyprus"
"Czech Republic","CZE","CZE","Czech Republic"
"Germany","DEU","DEU","Germany"
"Denmark","DNK","DNK","Denmark"
"Ecuador","ECU","ECU","Ecuador"
"Egypt","EGY","EGY","Egypt"
"Spain","ESP","ESP","Spain"
"Estonia","EST","EST","Estonia"
"Ethiopia","ETH","ETH","Ethiopia"
"Finland","FIN","FIN","Finland"
"Aland Islands","ALA","FIN","Finland"
"France","FRA","FRA","France"
"Guadeloupe","GLP","FRA","France"
"Martinique","MTQ","FRA","France"
"Reunion","REU","FRA","France"
"United Kingdom","GBR","GBR","United Kingdom"
"Georgia","GEO","GEO","Georgia"
"Ghana","GHA","GHA","Ghana"
"Guinea","GIN","GIN","Rest of Western Africa"
"Greece","GRC","GRC","Greece"
"Guatemala","GTM","GTM","Guatemala"
"Hong Kong","HKG","HKG","Hong Kong"
"Honduras","HND","HND","Honduras"
"Croatia","HRV","HRV","Croatia"
"Hungary","HUN","HUN","Hungary"
"Indonesia","IDN","IDN","Indonesia"
"India","IND","IND","India"
"Ireland","IRL","IRL","Ireland"
"Iran Islamic Republic of","IRN","IRN","Iran Islamic Republic of"
"Israel","ISR","ISR","Israel"
"Italy","ITA","ITA","Italy"
"Japan","JPN","JPN","Japan"
"Kazakhstan","KAZ","KAZ","Kazakhstan"
"Kenya","KEN","KEN","Kenya"
"Kyrgyzstan","KGZ","KGZ","Kyrgyzstan"
"Cambodia","KHM","KHM","Cambodia"
"Korea Republic of","KOR","KOR","Korea Republic of"
"Kuwait","KWT","KWT","Kuwait"
"Lao People's Democratic Republic","LAO","LAO","Lao People's Democratic Republic"
"Sri Lanka","LKA","LKA","Sri Lanka"
"Lithuania","LTU","LTU","Lithuania"
"Luxembourg","LUX","LUX","Luxembourg"
"Latvia","LVA","LVA","Latvia"
"Morocco","MAR","MAR","Morocco"
"Madagascar","MDG","MDG","Madagascar"
"Mexico","MEX","MEX","Mexico"
"Malta","MLT","MLT","Malta"
"Mongolia","MNG","MNG","Mongolia"
"Mozambique","MOZ","MOZ","Mozambique"
"Mauritius","MUS","MUS","Mauritius"
"Malawi","MWI","MWI","Malawi"
"Malaysia","MYS","MYS","Malaysia"
"Namibia","NAM","NAM","Namibia"
"Nigeria","NGA","NGA","Nigeria"
"Nicaragua","NIC","NIC","Nicaragua"
"Netherlands","NLD","NLD","Netherlands"
"Norway","NOR","NOR","Norway"
"Svalbard and Jan Mayen","SJM","NOR","Norway"
"Nepal","NPL","NPL","Nepal"
"New Zealand","NZL","NZL","New Zealand"
"Oman","OMN","OMN","Oman"
"Pakistan","PAK","PAK","Pakistan"
"Panama","PAN","PAN","Panama"
"Peru","PER","PER","Peru"
"Philippines","PHL","PHL","Philippines"
"Poland","POL","POL","Poland"
"Portugal","PRT","PRT","Portugal"
"Paraguay","PRY","PRY","Paraguay"
"Qatar","QAT","QAT","Qatar"
"Romania","ROU","ROU","Romania"
"Russian Federation","RUS","RUS","Russian Federation"
"Rwanda","RWA","RWA","Rest of Eastern Africa"
"Saudi Arabia","SAU","SAU","Saudi Arabia"
"Senegal","SEN","SEN","Senegal"
"Singapore","SGP","SGP","Singapore"
"El Salvador","SLV","SLV","El Salvador"
"Slovakia","SVK","SVK","Slovakia"
"Slovenia","SVN","SVN","Slovenia"
"Sweden","SWE","SWE","Sweden"
"Togo","TGO","TGO","Rest of Western Africa"
"Thailand","THA","THA","Thailand"
"Tunisia","TUN","TUN","Tunisia"
"Turkey","TUR","TUR","Turkey"
"Taiwan","TWN","TWN","Taiwan"
"Tanzania United Republic of","TZA","TZA","Tanzania United Republic of"
"Uganda","UGA","UGA","Uganda"
"Ukraine","UKR","UKR","Ukraine"
"Uruguay","URY","URY","Uruguay"
"United States of America","USA","USA","United States of America"
"Venezuela","VEN","VEN","Venezuela"
"Viet Nam","VNM","VNM","Viet Nam"
"South Africa","ZAF","ZAF","South Africa"
"Zambia","ZMB","ZMB","Zambia"
"Zimbabwe","ZWE","ZWE","Zimbabwe"
"Angola","AGO","XAC","South Central Africa"
"Congo the Democratic Republic of the","COD","XAC","South Central Africa"
"Belize","BLZ","XCA","Rest of Central America"
"Aruba","ABW","XCB","Caribbean"
"Anguilla","AIA","XCB","Caribbean"
"Bonaire, Sint Eustatius and Saba","BES","XCB","Caribbean"
"Saint Barthelemy","BLM","XCB","Caribbean"
"Curacao","CUW","XCB","Caribbean"
"Saint Martin (French part)","MAF","XCB","Caribbean"
"Sint Maarten (Dutch part)","SXM","XCB","Caribbean"
"Antigua & Barbuda","ATG","XCB","Caribbean"
"Bahamas","BHS","XCB","Caribbean"
"Barbados","BRB","XCB","Caribbean"
"Cuba","CUB","XCB","Caribbean"
"Cayman Islands","CYM","XCB","Caribbean"
"Dominica","DMA","XCB","Caribbean"
"Dominican Republic","DOM","XCB","Caribbean"
"Grenada","GRD","XCB","Caribbean"
"Haiti","HTI","XCB","Caribbean"
"Jamaica","JAM","XCB","Caribbean"
"Saint Kitts and Nevis","KNA","XCB","Caribbean"
"Saint Lucia","LCA","XCB","Caribbean"
"Montserrat","MSR","XCB","Caribbean"
"Puerto Rico","PRI","XCB","Caribbean"
"Turks and Caicos Islands","TCA","XCB","Caribbean"
"Trinidad and Tobago","TTO","XCB","Caribbean"
"Saint Vincent and the Grenadines","VCT","XCB","Caribbean"
"Virgin Islands British","VGB","XCB","Caribbean"
"Virgin Islands U.S.","VIR","XCB","Caribbean"
"Central African Republic","CAF","XCF","Central Africa"
"Congo","COG","XCF","Central Africa"
"Gabon","GAB","XCF","Central Africa"
"Equatorial Guinea","GNQ","XCF","Central Africa"
"Sao Tome and Principe","STP","XCF","Central Africa"
"Chad","TCD","XCF","Central Africa"
"Macao","MAC","XEA","Rest of East Asia"
"Korea Democratic Peoples Republic of","PRK","XEA","Rest of East Asia"
"Burundi","BDI","XEC","Rest of Eastern Africa"
"Comoros","COM","XEC","Rest of Eastern Africa"
"Djibouti","DJI","XEC","Rest of Eastern Africa"
"Eritrea","ERI","XEC","Rest of Eastern Africa"
"Mayotte","MYT","XEC","Rest of Eastern Africa"
"Sudan","SDN","XEC","Rest of Eastern Africa"
"South Sudan","SSD","XEC","Rest of Eastern Africa"
"Somalia","SOM","XEC","Rest of Eastern Africa"
"Seychelles","SYC","XEC","Rest of Eastern Africa"
"Moldova Republic of","MDA","XEE","Rest of Eastern Europe"
"Iceland","ISL","XEF","Rest of EFTA"
"Liechtenstein","LIE","XEF","Rest of EFTA"
"Andorra","AND","XER","Rest of Europe"
"Bosnia and Herzegovina","BIH","XER","Rest of Europe"
"Faroe Islands","FRO","XER","Rest of Europe"
"Gibraltar","GIB","XER","Rest of Europe"
"Monaco","MCO","XER","Rest of Europe"
"Macedonia the former Yugoslav Republic of","MKD","XER","Rest of Europe"
"San Marino","SMR","XER","Rest of Europe"
"Serbia","SRB","XER","Rest of Europe"
"Guernsey","GGY","XER","Rest of Europe"
"Isle of Man","IMN","XER","Rest of Europe"
"Jersey","JEY","XER","Rest of Europe"
"Montenegro","MNE","XER","Rest of Europe"
"Holy See (Vatican City State)","VAT","XER","Rest of Europe"
"Bermuda","BMU","XNA","Rest of North America"
"Greenland","GRL","XNA","Rest of North America"
"Saint Pierre and Miquelon","SPM","XNA","Rest of North America"
"Algeria","DZA","XNF","Rest of North Africa"
"Libyan Arab Jamahiriya","LBY","XNF","Rest of North Africa"
"Western Sahara","ESH","XNF","Rest of North Africa"
"American Samoa","ASM","XOC","Rest of Oceania"
"Cook Islands","COK","XOC","Rest of Oceania"
"Fiji","FJI","XOC","Rest of Oceania"
"Micronesia Federated States of","FSM","XOC","Rest of Oceania"
"Guam","GUM","XOC","Rest of Oceania"
"Kiribati","KIR","XOC","Rest of Oceania"
"Marshall Islands","MHL","XOC","Rest of Oceania"
"Northern Mariana Islands","MNP","XOC","Rest of Oceania"
"New Caledonia","NCL","XOC","Rest of Oceania"
"Niue","NIU","XOC","Rest of Oceania"
"Nauru","NRU","XOC","Rest of Oceania"
"Palau","PLW","XOC","Rest of Oceania"
"Papua New Guinea","PNG","XOC","Rest of Oceania"
"French Polynesia","PYF","XOC","Rest of Oceania"
"Solomon Islands","SLB","XOC","Rest of Oceania"
"Tokelau","TKL","XOC","Rest of Oceania"
"Tonga","TON","XOC","Rest of Oceania"
"Tuvalu","TUV","XOC","Rest of Oceania"
"Vanuatu","VUT","XOC","Rest of Oceania"
"Wallis and Futuna","WLF","XOC","Rest of Oceania"
"Samoa","WSM","XOC","Rest of Oceania"
"Pitcairn","PCN","XOC","Rest of Oceania"
"United States Minor Outlying Islands","UMI","XOC","Rest of Oceania"
"Afghanistan","AFG","XSA","Rest of South Asia"
"Bhutan","BTN","XSA","Rest of South Asia"
"Maldives","MDV","XSA","Rest of South Asia"
"Lesotho","LSO","XSC","Rest of South African Customs Union"
"Swaziland","SWZ","XSC","Rest of South African Customs Union"
"Brunei Darussalam","BRN","XSE","Rest of Southeast Asia"
"Myanmar","MMR","XSE","Rest of Southeast Asia"
"Timor Leste","TLS","XSE","Rest of Southeast Asia"
"Falkland Islands (Malvinas)","FLK","XSM","Rest of South America"
"French Guiana","GUF","XSM","Rest of South America"
"Guyana","GUY","XSM","Rest of South America"
"Suriname","SUR","XSM","Rest of South America"
"South Georgia and the South Sandwich Islands","SGS","XSM","Rest of South America"
"Tajikistan","TJK","XSU","Rest of Former Soviet Union"
"Turkmenistan","TKM","XSU","Rest of Former Soviet Union"
"Uzbekistan","UZB","XSU","Rest of Former Soviet Union"
"Antarctica","ATA","XTW","Rest of the World"
"French Southern Territories","ATF","XTW","Rest of the World"
"Bouvet Island","BVT","XTW","Rest of the World"
"British Indian Ocean Territory","IOT","XTW","Rest of the World"
"Cape Verde","CPV","XWF","Rest of Western Africa"
"Gambia","GMB","XWF","Rest of Western Africa"
"Guinea-Bissau","GNB","XWF","Rest of Western Africa"
"Liberia","LBR","XWF","Rest of Western Africa"
"Mali","MLI","XWF","Rest of Western Africa"
"Mauritania","MRT","XWF","Rest of Western Africa"
"Niger","NER","XWF","Rest of Western Africa"
"Saint Helena, ASCENSION AND TRISTAN DA CUNHA","SHN","XWF","Rest of Western Africa"
"Sierra Leone","SLE","XWF","Rest of Western Africa"
"Iraq","IRQ","XWS","Rest of Western Asia"
"Jordan","JOR","XWS","Rest of Western Asia"
"Lebanon","LBN","XWS","Rest of Western Asia"
"Palestinian Territory Occupied","PSE","XWS","Rest of Western Asia"
"Syrian Arab Republic","SYR","XWS","Rest of Western Asia"
"Yemen","YEM","XWS","Rest of Western Asia"
